[{"Continent":"Africa","Country":"Algeria","Currency":"Algerian Dinar","Symbol":"دج, DA","ISO Code":"DZD"},{"Continent":"Africa","Country":"Angola","Currency":"Angolan Kwanza","Symbol":"Kz","ISO Code":"AOA"},{"Continent":"Africa","Country":"Benin","Currency":"West African CFA Franc","Symbol":"CFA","ISO Code":"XOF"},{"Continent":"Africa","Country":"Botswana","Currency":"Botswana Pula","Symbol":"P","ISO Code":"BWP"},{"Continent":"Africa","Country":"Burkina Faso","Currency":"West African CFA Franc","Symbol":"CFA","ISO Code":"XOF"},{"Continent":"Africa","Country":"Burundi","Currency":"Burundian Franc","Symbol":"FBu","ISO Code":"BIF"},{"Continent":"Africa","Country":"Cabo Verde","Currency":"Cape Verdean Escudo","Symbol":"CVE","ISO Code":"CVE"},{"Continent":"Africa","Country":"Cameroon","Currency":"Central African CFA Franc","Symbol":"FCFA","ISO Code":"XAF"},{"Continent":"Africa","Country":"Central African Republic","Currency":"Central African CFA Franc","Symbol":"FCFA","ISO Code":"XAF"},{"Continent":"Africa","Country":"Chad","Currency":"Central African CFA Franc","Symbol":"FCFA","ISO Code":"XAF"},{"Continent":"Africa","Country":"Comoros","Currency":"Comorian Franc","Symbol":"FC","ISO Code":"KMF"},{"Continent":"Africa","Country":"Congo, Democratic Republic of the","Currency":"Congolese Franc","Symbol":"FC","ISO Code":"CDF"},{"Continent":"Africa","Country":"Congo, Republic of the","Currency":"Central African CFA Franc","Symbol":"FCFA","ISO Code":"XAF"},{"Continent":"Africa","Country":"Côte d'Ivoire","Currency":"West African CFA Franc","Symbol":"CFA","ISO Code":"XOF"},{"Continent":"Africa","Country":"Djibouti","Currency":"Djiboutian Franc","Symbol":"Fdj","ISO Code":"DJF"},{"Continent":"Africa","Country":"Egypt","Currency":"Egyptian Pound","Symbol":"E£, ج.م","ISO Code":"EGP"},{"Continent":"Africa","Country":"Equatorial Guinea","Currency":"Central African CFA Franc","Symbol":"FCFA","ISO Code":"XAF"},{"Continent":"Africa","Country":"Eritrea","Currency":"Eritrean Nakfa","Symbol":"Nkf","ISO Code":"ERN"},{"Continent":"Africa","Country":"Eswatini","Currency":"Swazi Lilangeni","Symbol":"L, E","ISO Code":"SZL"},{"Continent":"Africa","Country":"Ethiopia","Currency":"Ethiopian Birr","Symbol":"Br","ISO Code":"ETB"},{"Continent":"Africa","Country":"Gabon","Currency":"Central African CFA Franc","Symbol":"FCFA","ISO Code":"XAF"},{"Continent":"Africa","Country":"Gambia","Currency":"Gambian Dalasi","Symbol":"D","ISO Code":"GMD"},{"Continent":"Africa","Country":"Ghana","Currency":"Ghanaian Cedi","Symbol":"GH₵","ISO Code":"GHS"},{"Continent":"Africa","Country":"Guinea","Currency":"Guinean Franc","Symbol":"FG","ISO Code":"GNF"},{"Continent":"Africa","Country":"Guinea-Bissau","Currency":"West African CFA Franc","Symbol":"CFA","ISO Code":"XOF"},{"Continent":"Africa","Country":"Kenya","Currency":"Kenyan Shilling","Symbol":"KSh","ISO Code":"KES"},{"Continent":"Africa","Country":"Lesotho","Currency":"Lesotho Loti","Symbol":"L, M","ISO Code":"LSL"},{"Continent":"Africa","Country":"Liberia","Currency":"Liberian Dollar","Symbol":"$","ISO Code":"LRD"},{"Continent":"Africa","Country":"Libya","Currency":"Libyan Dinar","Symbol":"LD","ISO Code":"LYD"},{"Continent":"Africa","Country":"Madagascar","Currency":"Malagasy Ariary","Symbol":"Ar","ISO Code":"MGA"},{"Continent":"Africa","Country":"Malawi","Currency":"Malawian Kwacha","Symbol":"MK","ISO Code":"MWK"},{"Continent":"Africa","Country":"Mali","Currency":"West African CFA Franc","Symbol":"CFA","ISO Code":"XOF"},{"Continent":"Africa","Country":"Mauritania","Currency":"Mauritanian Ouguiya","Symbol":"UM","ISO Code":"MRU"},{"Continent":"Africa","Country":"Mauritius","Currency":"Mauritian Rupee","Symbol":"₨","ISO Code":"MUR"},{"Continent":"Africa","Country":"Morocco","Currency":"Moroccan Dirham","Symbol":"DH","ISO Code":"MAD"},{"Continent":"Africa","Country":"Mozambique","Currency":"Mozambican Metical","Symbol":"MTn","ISO Code":"MZN"},{"Continent":"Africa","Country":"Namibia","Currency":"Namibian Dollar","Symbol":"N$","ISO Code":"NAD"},{"Continent":"Africa","Country":"Niger","Currency":"West African CFA Franc","Symbol":"CFA","ISO Code":"XOF"},{"Continent":"Africa","Country":"Nigeria","Currency":"Nigerian Naira","Symbol":"₦","ISO Code":"NGN"},{"Continent":"Africa","Country":"Rwanda","Currency":"Rwandan Franc","Symbol":"FRw","ISO Code":"RWF"},{"Continent":"Africa","Country":"São Tomé and Príncipe","Currency":"São Tomé and Príncipe Dobra","Symbol":"Db","ISO Code":"STN"},{"Continent":"Africa","Country":"Senegal","Currency":"West African CFA Franc","Symbol":"CFA","ISO Code":"XOF"},{"Continent":"Africa","Country":"Seychelles","Currency":"Seychellois Rupee","Symbol":"SR","ISO Code":"SCR"},{"Continent":"Africa","Country":"Sierra Leone","Currency":"Sierra Leonean Leone","Symbol":"Le","ISO Code":"SLL"},{"Continent":"Africa","Country":"Somalia","Currency":"Somali Shilling","Symbol":"Sh.So.","ISO Code":"SOS"},{"Continent":"Africa","Country":"South Africa","Currency":"South African Rand","Symbol":"R","ISO Code":"ZAR"},{"Continent":"Africa","Country":"South Sudan","Currency":"South Sudanese Pound","Symbol":"£","ISO Code":"SSP"},{"Continent":"Africa","Country":"Sudan","Currency":"Sudanese Pound","Symbol":"LS, ج.س","ISO Code":"SDG"},{"Continent":"Africa","Country":"Tanzania","Currency":"Tanzanian Shilling","Symbol":"TSh","ISO Code":"TZS"},{"Continent":"Africa","Country":"Togo","Currency":"West African CFA Franc","Symbol":"CFA","ISO Code":"XOF"},{"Continent":"Africa","Country":"Tunisia","Currency":"Tunisian Dinar","Symbol":"DT","ISO Code":"TND"},{"Continent":"Africa","Country":"Uganda","Currency":"Ugandan Shilling","Symbol":"USh","ISO Code":"UGX"},{"Continent":"Africa","Country":"Zambia","Currency":"Zambian Kwacha","Symbol":"ZK","ISO Code":"ZMW"},{"Continent":"Africa","Country":"Zimbabwe","Currency":"Zimbabwean Dollar","Symbol":"ZWL $","ISO Code":"ZWL"},{"Continent":"Asia","Country":"Afghanistan","Currency":"Afghan Afghani","Symbol":"AFN ؋","ISO Code":"AFN"},{"Continent":"Asia","Country":"Armenia","Currency":"Armenian Dram","Symbol":"AMD դր","ISO Code":"AMD"},{"Continent":"Asia","Country":"Azerbaijan","Currency":"Azerbaijani Manat","Symbol":"AZN ₼","ISO Code":"AZN"},{"Continent":"Asia","Country":"Bangladesh","Currency":"Bangladeshi Taka","Symbol":"BDT ৳","ISO Code":"BDT"},{"Continent":"Asia","Country":"Bhutan","Currency":"Bhutanese Ngultrum","Symbol":"BTN Nu.","ISO Code":"BTN"},{"Continent":"Asia","Country":"Brunei","Currency":"Brunei Dollar","Symbol":"BND $","ISO Code":"BND"},{"Continent":"Asia","Country":"Cambodia","Currency":"Cambodian Riel","Symbol":"KHR ៛","ISO Code":"KHR"},{"Continent":"Asia","Country":"China","Currency":"Chinese Yuan Renminbi","Symbol":"CNY ¥","ISO Code":"CNY"},{"Continent":"Asia","Country":"India","Currency":"Indian Rupee","Symbol":"INR ₹","ISO Code":"INR"},{"Continent":"Asia","Country":"Indonesia","Currency":"Indonesian Rupiah","Symbol":"IDR Rp","ISO Code":"IDR"},{"Continent":"Asia","Country":"Iran","Currency":"Iranian Rial","Symbol":"IRR ﷼","ISO Code":"IRR"},{"Continent":"Asia","Country":"Iraq","Currency":"Iraqi Dinar","Symbol":"IQD ع.د","ISO Code":"IQD"},{"Continent":"Asia","Country":"Israel","Currency":"Israeli New Sheqel","Symbol":"ILS ₪","ISO Code":"ILS"},{"Continent":"Asia","Country":"Japan","Currency":"Japanese Yen","Symbol":"JPY ¥","ISO Code":"JPY"},{"Continent":"Asia","Country":"Jordan","Currency":"Jordanian Dinar","Symbol":"JOD د.ا","ISO Code":"JOD"},{"Continent":"Asia","Country":"Kazakhstan","Currency":"Kazakhstani Tenge","Symbol":"KZT ₸","ISO Code":"KZT"},{"Continent":"Asia","Country":"Kuwait","Currency":"Kuwaiti Dinar","Symbol":"KWD د.ك","ISO Code":"KWD"},{"Continent":"Asia","Country":"Kyrgyzstan","Currency":"Kyrgyzstani Som","Symbol":"KGS лв","ISO Code":"KGS"},{"Continent":"Asia","Country":"Laos","Currency":"Lao Kip","Symbol":"LAK ₭","ISO Code":"LAK"},{"Continent":"Asia","Country":"Lebanon","Currency":"Lebanese Pound","Symbol":"LBP £","ISO Code":"LBP"},{"Continent":"Asia","Country":"Malaysia","Currency":"Malaysian Ringgit","Symbol":"MYR RM","ISO Code":"MYR"},{"Continent":"Asia","Country":"Maldives","Currency":"Maldivian Rufiyaa","Symbol":"MVR Rf","ISO Code":"MVR"},{"Continent":"Asia","Country":"Mongolia","Currency":"Mongolian Tugrik","Symbol":"MNT ₮","ISO Code":"MNT"},{"Continent":"Asia","Country":"Myanmar","Currency":"Myanmar Kyat","Symbol":"MMK K","ISO Code":"MMK"},{"Continent":"Asia","Country":"Nepal","Currency":"Nepalese Rupee","Symbol":"NPR ₨","ISO Code":"NPR"},{"Continent":"Asia","Country":"North Korea","Currency":"North Korean Won","Symbol":"KPW ₩","ISO Code":"KPW"},{"Continent":"Asia","Country":"Oman","Currency":"Omani Rial","Symbol":"OMR ﷼","ISO Code":"OMR"},{"Continent":"Asia","Country":"Pakistan","Currency":"Pakistani Rupee","Symbol":"PKR ₨","ISO Code":"PKR"},{"Continent":"Asia","Country":"Philippines","Currency":"Philippine Peso","Symbol":"PHP ₱","ISO Code":"PHP"},{"Continent":"Asia","Country":"Qatar","Currency":"Qatari Riyal","Symbol":"QAR ﷼","ISO Code":"QAR"},{"Continent":"Asia","Country":"Russia","Currency":"Russian Ruble","Symbol":"RUB ₽","ISO Code":"RUB"},{"Continent":"Asia","Country":"Saudi Arabia","Currency":"Saudi Arabian Riyal","Symbol":"SAR ﷼","ISO Code":"SAR"},{"Continent":"Asia","Country":"Singapore","Currency":"Singapore Dollar","Symbol":"SGD $","ISO Code":"SGD"},{"Continent":"Asia","Country":"South Korea","Currency":"South Korean Won","Symbol":"KRW ₩","ISO Code":"KRW"},{"Continent":"Asia","Country":"Sri Lanka","Currency":"Sri Lankan Rupee","Symbol":"LKR ₨","ISO Code":"LKR"},{"Continent":"Asia","Country":"Syria","Currency":"Syrian Pound","Symbol":"SYP £","ISO Code":"SYP"},{"Continent":"Asia","Country":"Taiwan","Currency":"New Taiwan Dollar","Symbol":"TWD NT$","ISO Code":"TWD"},{"Continent":"Asia","Country":"Tajikistan","Currency":"Tajikistan Somoni","Symbol":"TJS ЅM","ISO Code":"TJS"},{"Continent":"Asia","Country":"Thailand","Currency":"Thai Baht","Symbol":"THB ฿","ISO Code":"THB"},{"Continent":"Asia","Country":"Timor-Leste","Currency":"United States Dollar","Symbol":"USD $","ISO Code":"USD"},{"Continent":"Asia","Country":"Turkey","Currency":"Turkish New Lira","Symbol":"TRY ₺","ISO Code":"TRY"},{"Continent":"Asia","Country":"Turkmenistan","Currency":"Turkmenistani Manat","Symbol":"TMM T","ISO Code":"TMM"},{"Continent":"Asia","Country":"United Arab Emirates","Currency":"United Arab Emirates Dirham","Symbol":"AED د.إ","ISO Code":"AED"},{"Continent":"Asia","Country":"Uzbekistan","Currency":"Uzbekistani Som","Symbol":"UZS лв","ISO Code":"UZS"},{"Continent":"Asia","Country":"Vietnam","Currency":"Vietnamese Dong","Symbol":"VND ₫","ISO Code":"VND"},{"Continent":"Asia","Country":"Yemen","Currency":"Yemeni Rial","Symbol":"YER ﷼","ISO Code":"YER"},{"Continent":"Europe","Country":"Albania","Currency":"Albanian Lek","Symbol":"ALL L","ISO Code":"ALL"},{"Continent":"Europe","Country":"Andorra","Currency":"Euro","Symbol":"EUR €","ISO Code":"EUR"},{"Continent":"Europe","Country":"Austria","Currency":"Euro","Symbol":"EUR €","ISO Code":"EUR"},{"Continent":"Europe","Country":"Belarus","Currency":"Belarusian Ruble","Symbol":"BYN Br","ISO Code":"BYN"},{"Continent":"Europe","Country":"Belgium","Currency":"Euro","Symbol":"EUR €","ISO Code":"EUR"},{"Continent":"Europe","Country":"Bosnia and Herzegovina","Currency":"Bosnia and Herzegovina Convertible Mark","Symbol":"BAM KM","ISO Code":"BAM"},{"Continent":"Europe","Country":"Bulgaria","Currency":"Bulgarian Lev","Symbol":"BGN лв","ISO Code":"BGN"},{"Continent":"Europe","Country":"Croatia","Currency":"Croatian Kuna","Symbol":"HRK kn","ISO Code":"HRK"},{"Continent":"Europe","Country":"Cyprus","Currency":"Euro","Symbol":"EUR €","ISO Code":"EUR"},{"Continent":"Europe","Country":"Czech Republic","Currency":"Czech Koruna","Symbol":"CZK Kč","ISO Code":"CZK"},{"Continent":"Europe","Country":"Denmark","Currency":"Danish Krone","Symbol":"DKK kr","ISO Code":"DKK"},{"Continent":"Europe","Country":"Estonia","Currency":"Euro","Symbol":"EUR €","ISO Code":"EUR"},{"Continent":"Europe","Country":"Finland","Currency":"Euro","Symbol":"EUR €","ISO Code":"EUR"},{"Continent":"Europe","Country":"France","Currency":"Euro","Symbol":"EUR €","ISO Code":"EUR"},{"Continent":"Europe","Country":"Georgia","Currency":"Georgian Lari","Symbol":"GEL ₾","ISO Code":"GEL"},{"Continent":"Europe","Country":"Germany","Currency":"Euro","Symbol":"EUR €","ISO Code":"EUR"},{"Continent":"Europe","Country":"Greece","Currency":"Euro","Symbol":"EUR €","ISO Code":"EUR"},{"Continent":"Europe","Country":"Hungary","Currency":"Hungarian Forint","Symbol":"HUF Ft","ISO Code":"HUF"},{"Continent":"Europe","Country":"Iceland","Currency":"Icelandic Krona","Symbol":"ISK kr","ISO Code":"ISK"},{"Continent":"Europe","Country":"Ireland","Currency":"Euro","Symbol":"EUR €","ISO Code":"EUR"},{"Continent":"Europe","Country":"Italy","Currency":"Euro","Symbol":"EUR €","ISO Code":"EUR"},{"Continent":"Europe","Country":"Kosovo","Currency":"Euro","Symbol":"EUR €","ISO Code":"EUR"},{"Continent":"Europe","Country":"Latvia","Currency":"Euro","Symbol":"EUR €","ISO Code":"EUR"},{"Continent":"Europe","Country":"Lithuania","Currency":"Euro","Symbol":"EUR €","ISO Code":"EUR"},{"Continent":"Europe","Country":"Luxembourg","Currency":"Euro","Symbol":"EUR €","ISO Code":"EUR"},{"Continent":"Europe","Country":"Malta","Currency":"Euro","Symbol":"EUR €","ISO Code":"EUR"},{"Continent":"Europe","Country":"Moldova","Currency":"Moldovan Leu","Symbol":"MDL L","ISO Code":"MDL"},{"Continent":"Europe","Country":"Monaco","Currency":"Euro","Symbol":"EUR €","ISO Code":"EUR"},{"Continent":"Europe","Country":"Montenegro","Currency":"Euro","Symbol":"EUR €","ISO Code":"EUR"},{"Continent":"Europe","Country":"Netherlands","Currency":"Euro","Symbol":"EUR €","ISO Code":"EUR"},{"Continent":"Europe","Country":"North Macedonia","Currency":"Macedonian Denar","Symbol":"MKD ден","ISO Code":"MKD"},{"Continent":"Europe","Country":"Norway","Currency":"Norwegian Krone","Symbol":"NOK kr","ISO Code":"NOK"},{"Continent":"Europe","Country":"Poland","Currency":"Polish Zloty","Symbol":"PLN zł","ISO Code":"PLN"},{"Continent":"Europe","Country":"Portugal","Currency":"Euro","Symbol":"EUR €","ISO Code":"EUR"},{"Continent":"Europe","Country":"Romania","Currency":"Romanian Leu","Symbol":"RON lei","ISO Code":"RON"},{"Continent":"Europe","Country":"Russia","Currency":"Russian Ruble","Symbol":"RUB ₽","ISO Code":"RUB"},{"Continent":"Europe","Country":"San Marino","Currency":"Euro","Symbol":"EUR €","ISO Code":"EUR"},{"Continent":"Europe","Country":"Serbia","Currency":"Serbian Dinar","Symbol":"RSD дин","ISO Code":"RSD"},{"Continent":"Europe","Country":"Slovakia","Currency":"Euro","Symbol":"EUR €","ISO Code":"EUR"},{"Continent":"Europe","Country":"Slovenia","Currency":"Euro","Symbol":"EUR €","ISO Code":"EUR"},{"Continent":"Europe","Country":"Spain","Currency":"Euro","Symbol":"EUR €","ISO Code":"EUR"},{"Continent":"Europe","Country":"Sweden","Currency":"Swedish Krona","Symbol":"SEK kr","ISO Code":"SEK"},{"Continent":"Europe","Country":"Switzerland","Currency":"Swiss Franc","Symbol":"CHF CHF","ISO Code":"CHF"},{"Continent":"Europe","Country":"Ukraine","Currency":"Ukrainian Hryvnia","Symbol":"UAH ₴","ISO Code":"UAH"},{"Continent":"Europe","Country":"United Kingdom","Currency":"Pound Sterling","Symbol":"GBP £","ISO Code":"GBP"},{"Continent":"Europe","Country":"Vatican City","Currency":"Euro","Symbol":"EUR €","ISO Code":"EUR"},{"Continent":"South America","Country":"Argentina","Currency":"Argentine Peso","Symbol":"ARS, $","ISO Code":"ARS"},{"Continent":"South America","Country":"Bolivia","Currency":"Bolivian Boliviano","Symbol":"BOB, Bs","ISO Code":"BOB"},{"Continent":"South America","Country":"Brazil","Currency":"Brazilian Real","Symbol":"BRL, R$","ISO Code":"BRL"},{"Continent":"South America","Country":"Chile","Currency":"Chilean Peso","Symbol":"CLP, $","ISO Code":"CLP"},{"Continent":"South America","Country":"Colombia","Currency":"Colombian Peso","Symbol":"COP, $","ISO Code":"COP"},{"Continent":"South America","Country":"Guyana","Currency":"Guyanese Dollar","Symbol":"GYD, $","ISO Code":"GYD"},{"Continent":"South America","Country":"Paraguay","Currency":"Paraguayan Guaraní","Symbol":"PYG, ₲","ISO Code":"PYG"},{"Continent":"South America","Country":"Peru","Currency":"Peruvian Sol","Symbol":"PEN, S/","ISO Code":"PEN"},{"Continent":"South America","Country":"Suriname","Currency":"Surinamese Dollar","Symbol":"SRD, $","ISO Code":"SRD"},{"Continent":"South America","Country":"Uruguay","Currency":"Uruguayan Peso","Symbol":"UYU, $","ISO Code":"UYU"},{"Continent":"South America","Country":"Venezuela","Currency":"Venezuelan Bolívar Soberano","Symbol":"VES, Bs.S","ISO Code":"VES"}]